datetime,date,time,co2,ch4,n20,filename
8/6/2019 10:44,8/6/2019,10:44:12,889.1,1.93,0.345,hr 08062019 w1 soil.txt
8/6/2019 10:44,8/6/2019,10:44:37,679.8,1.87,0.345,hr 08062019 w1 soil.txt
8/6/2019 10:45,8/6/2019,10:45:02,585.5,1.9,0.322,hr 08062019 w1 soil.txt
8/6/2019 10:45,8/6/2019,10:45:27,559.6,1.86,0.345,hr 08062019 w1 soil.txt
8/6/2019 10:45,8/6/2019,10:45:52,558.7,1.96,0.343,hr 08062019 w1 soil.txt
8/6/2019 10:46,8/6/2019,10:46:17,563.9,1.98,0.328,hr 08062019 w1 soil.txt
8/6/2019 10:46,8/6/2019,10:46:42,575.8,2.08,0.341,hr 08062019 w1 soil.txt
8/6/2019 10:47,8/6/2019,10:47:06,587.3,2.07,0.337,hr 08062019 w1 soil.txt
8/6/2019 10:47,8/6/2019,10:47:31,601.4,2.02,0.335,hr 08062019 w1 soil.txt
8/6/2019 10:47,8/6/2019,10:47:56,613.1,2.03,0.328,hr 08062019 w1 soil.txt
8/6/2019 10:48,8/6/2019,10:48:21,627.2,2.02,0.344,hr 08062019 w1 soil.txt
8/6/2019 10:48,8/6/2019,10:48:46,641.1,2.19,0.346,hr 08062019 w1 soil.txt
8/6/2019 10:49,8/6/2019,10:49:11,654.9,2.07,0.348,hr 08062019 w1 soil.txt
8/6/2019 10:49,8/6/2019,10:49:36,667.9,1.98,0.348,hr 08062019 w1 soil.txt
8/6/2019 10:50,8/6/2019,10:50:01,680,2.05,0.355,hr 08062019 w1 soil.txt
8/6/2019 10:50,8/6/2019,10:50:26,693.5,2.05,0.35,hr 08062019 w1 soil.txt
8/6/2019 10:50,8/6/2019,10:50:51,706.2,2.1,0.347,hr 08062019 w1 soil.txt
8/6/2019 10:51,8/6/2019,10:51:15,717.3,2.1,0.349,hr 08062019 w1 soil.txt
8/6/2019 10:51,8/6/2019,10:51:40,728.7,1.98,0.355,hr 08062019 w1 soil.txt
8/6/2019 10:52,8/6/2019,10:52:05,739.4,2.03,0.361,hr 08062019 w1 soil.txt
8/6/2019 10:52,8/6/2019,10:52:30,760.1,2.01,0.34,hr 08062019 w1 soil.txt
8/6/2019 10:52,8/6/2019,10:52:55,767.8,2,0.353,hr 08062019 w1 soil.txt
8/6/2019 10:53,8/6/2019,10:53:20,783.4,2.04,0.352,hr 08062019 w1 soil.txt
8/6/2019 10:53,8/6/2019,10:53:45,787.5,2.03,0.327,hr 08062019 w1 soil.txt
8/6/2019 10:54,8/6/2019,10:54:10,800.6,2.08,0.35,hr 08062019 w1 soil.txt
8/6/2019 10:54,8/6/2019,10:54:35,812.1,1.89,0.386,hr 08062019 w1 soil.txt
8/6/2019 10:55,8/6/2019,10:55:00,822.9,1.95,0.363,hr 08062019 w1 soil.txt
8/6/2019 10:55,8/6/2019,10:55:25,828.4,2.03,0.356,hr 08062019 w1 soil.txt
8/6/2019 10:29,8/6/2019,10:29:44,183.4,0.57,0.138,hr 08062019 w1.txt
8/6/2019 10:30,8/6/2019,10:30:09,383.2,1.05,0.281,hr 08062019 w1.txt
8/6/2019 10:30,8/6/2019,10:30:34,440.6,1.42,0.349,hr 08062019 w1.txt
8/6/2019 10:30,8/6/2019,10:30:59,470.7,1.52,0.357,hr 08062019 w1.txt
8/6/2019 10:31,8/6/2019,10:31:24,496.8,1.57,0.387,hr 08062019 w1.txt
8/6/2019 10:31,8/6/2019,10:31:49,518.6,1.71,0.341,hr 08062019 w1.txt
8/6/2019 10:32,8/6/2019,10:32:13,543.1,1.8,0.353,hr 08062019 w1.txt
8/6/2019 10:32,8/6/2019,10:32:38,565.1,1.79,0.347,hr 08062019 w1.txt
8/6/2019 10:33,8/6/2019,10:33:03,589.7,1.69,0.363,hr 08062019 w1.txt
8/6/2019 10:33,8/6/2019,10:33:28,616.4,1.69,0.381,hr 08062019 w1.txt
8/6/2019 10:33,8/6/2019,10:33:53,636.9,1.75,0.337,hr 08062019 w1.txt
8/6/2019 10:34,8/6/2019,10:34:17,660.6,1.77,0.357,hr 08062019 w1.txt
8/6/2019 10:34,8/6/2019,10:34:42,682.9,1.9,0.37,hr 08062019 w1.txt
8/6/2019 10:35,8/6/2019,10:35:07,704.6,1.89,0.34,hr 08062019 w1.txt
8/6/2019 10:35,8/6/2019,10:35:32,727,1.81,0.354,hr 08062019 w1.txt
8/6/2019 10:35,8/6/2019,10:35:57,755.4,1.78,0.347,hr 08062019 w1.txt
8/6/2019 10:36,8/6/2019,10:36:22,776.5,1.84,0.363,hr 08062019 w1.txt
8/6/2019 10:36,8/6/2019,10:36:47,788.3,1.79,0.305,hr 08062019 w1.txt
8/6/2019 10:37,8/6/2019,10:37:12,817,1.81,0.347,hr 08062019 w1.txt
8/6/2019 10:37,8/6/2019,10:37:36,838.7,1.97,0.343,hr 08062019 w1.txt
8/6/2019 10:38,8/6/2019,10:38:01,857.7,1.96,0.347,hr 08062019 w1.txt
8/6/2019 10:38,8/6/2019,10:38:26,877.5,1.94,0.356,hr 08062019 w1.txt
8/6/2019 10:38,8/6/2019,10:38:51,897.4,1.87,0.349,hr 08062019 w1.txt
8/6/2019 11:07,8/6/2019,11:07:00,711.3,2.06,0.391,hr 08062019 w2 soil.txt
8/6/2019 11:07,8/6/2019,11:07:25,590.9,1.91,0.359,hr 08062019 w2 soil.txt
8/6/2019 11:07,8/6/2019,11:07:50,566.8,2.06,0.358,hr 08062019 w2 soil.txt
8/6/2019 11:08,8/6/2019,11:08:15,576.8,2.01,0.386,hr 08062019 w2 soil.txt
8/6/2019 11:08,8/6/2019,11:08:40,598.2,1.96,0.359,hr 08062019 w2 soil.txt
8/6/2019 11:09,8/6/2019,11:09:05,626.1,2.03,0.381,hr 08062019 w2 soil.txt
8/6/2019 11:09,8/6/2019,11:09:30,647.9,1.97,0.361,hr 08062019 w2 soil.txt
8/6/2019 11:09,8/6/2019,11:09:54,667.8,2,0.369,hr 08062019 w2 soil.txt
8/6/2019 11:10,8/6/2019,11:10:19,682.4,2.04,0.367,hr 08062019 w2 soil.txt
8/6/2019 11:10,8/6/2019,11:10:44,696,1.97,0.359,hr 08062019 w2 soil.txt
8/6/2019 11:11,8/6/2019,11:11:09,709.6,2.07,0.367,hr 08062019 w2 soil.txt
8/6/2019 11:11,8/6/2019,11:11:34,721.7,2.05,0.357,hr 08062019 w2 soil.txt
8/6/2019 11:11,8/6/2019,11:11:59,732.2,1.9,0.373,hr 08062019 w2 soil.txt
8/6/2019 11:12,8/6/2019,11:12:24,741.9,1.88,0.368,hr 08062019 w2 soil.txt
8/6/2019 11:12,8/6/2019,11:12:49,749.5,2.03,0.337,hr 08062019 w2 soil.txt
8/6/2019 11:13,8/6/2019,11:13:14,768.1,1.95,0.345,hr 08062019 w2 soil.txt
8/6/2019 11:13,8/6/2019,11:13:39,775.5,1.99,0.375,hr 08062019 w2 soil.txt
8/6/2019 11:14,8/6/2019,11:14:04,784.4,2.03,0.363,hr 08062019 w2 soil.txt
8/6/2019 11:14,8/6/2019,11:14:29,794.9,1.99,0.364,hr 08062019 w2 soil.txt
8/6/2019 11:14,8/6/2019,11:14:54,801.2,2.06,0.382,hr 08062019 w2 soil.txt
8/6/2019 11:15,8/6/2019,11:15:19,809.4,2.06,0.355,hr 08062019 w2 soil.txt
8/6/2019 11:15,8/6/2019,11:15:44,816.1,2.03,0.37,hr 08062019 w2 soil.txt
8/6/2019 11:16,8/6/2019,11:16:09,823.7,2.07,0.37,hr 08062019 w2 soil.txt
8/6/2019 11:16,8/6/2019,11:16:34,830.8,2.02,0.369,hr 08062019 w2 soil.txt
8/6/2019 11:16,8/6/2019,11:16:59,843.8,2,0.379,hr 08062019 w2 soil.txt
8/6/2019 11:17,8/6/2019,11:17:24,845.6,1.95,0.368,hr 08062019 w2 soil.txt
8/6/2019 10:57,8/6/2019,10:57:27,808.4,1.99,0.356,hr 08062019 w2.txt
8/6/2019 10:57,8/6/2019,10:57:52,632.8,1.97,0.377,hr 08062019 w2.txt
8/6/2019 10:58,8/6/2019,10:58:17,563,2.08,0.363,hr 08062019 w2.txt
8/6/2019 10:58,8/6/2019,10:58:42,540.3,2.09,0.359,hr 08062019 w2.txt
8/6/2019 10:59,8/6/2019,10:59:06,546.8,1.87,0.366,hr 08062019 w2.txt
8/6/2019 10:59,8/6/2019,10:59:31,561.3,2.06,0.364,hr 08062019 w2.txt
8/6/2019 10:59,8/6/2019,10:59:56,579.2,1.97,0.363,hr 08062019 w2.txt
8/6/2019 11:00,8/6/2019,11:00:21,602.4,2.03,0.363,hr 08062019 w2.txt
8/6/2019 11:00,8/6/2019,11:00:46,621.9,2.08,0.397,hr 08062019 w2.txt
8/6/2019 11:01,8/6/2019,11:01:11,643.2,2.02,0.369,hr 08062019 w2.txt
8/6/2019 11:01,8/6/2019,11:01:35,664.1,1.93,0.389,hr 08062019 w2.txt
8/6/2019 11:02,8/6/2019,11:02:00,689.9,2.04,0.405,hr 08062019 w2.txt
8/6/2019 11:02,8/6/2019,11:02:25,706.3,2.06,0.381,hr 08062019 w2.txt
8/6/2019 11:02,8/6/2019,11:02:50,728.1,2.02,0.41,hr 08062019 w2.txt
8/6/2019 11:29,8/6/2019,11:29:43,647.7,2.01,0.35,hr 08062019 w3 soil.txt
8/6/2019 11:30,8/6/2019,11:30:08,556.6,1.96,0.353,hr 08062019 w3 soil.txt
8/6/2019 11:30,8/6/2019,11:30:33,528.3,1.94,0.344,hr 08062019 w3 soil.txt
8/6/2019 11:30,8/6/2019,11:30:58,530.9,2.01,0.35,hr 08062019 w3 soil.txt
8/6/2019 11:31,8/6/2019,11:31:23,536.7,2.06,0.345,hr 08062019 w3 soil.txt
8/6/2019 11:31,8/6/2019,11:31:48,556.3,2.03,0.339,hr 08062019 w3 soil.txt
8/6/2019 11:32,8/6/2019,11:32:13,568.5,1.99,0.335,hr 08062019 w3 soil.txt
8/6/2019 11:32,8/6/2019,11:32:38,582.6,1.99,0.343,hr 08062019 w3 soil.txt
8/6/2019 11:33,8/6/2019,11:33:03,598.9,2,0.328,hr 08062019 w3 soil.txt
8/6/2019 11:33,8/6/2019,11:33:28,615.6,2.03,0.335,hr 08062019 w3 soil.txt
8/6/2019 11:33,8/6/2019,11:33:53,632.8,1.94,0.338,hr 08062019 w3 soil.txt
8/6/2019 11:34,8/6/2019,11:34:18,651,2,0.352,hr 08062019 w3 soil.txt
8/6/2019 11:34,8/6/2019,11:34:43,664.4,2.02,0.354,hr 08062019 w3 soil.txt
8/6/2019 11:35,8/6/2019,11:35:08,682,2.05,0.336,hr 08062019 w3 soil.txt
8/6/2019 11:35,8/6/2019,11:35:33,692.4,2.03,0.364,hr 08062019 w3 soil.txt
8/6/2019 11:35,8/6/2019,11:35:58,700.9,1.98,0.338,hr 08062019 w3 soil.txt
8/6/2019 11:36,8/6/2019,11:36:23,717,2.08,0.341,hr 08062019 w3 soil.txt
8/6/2019 11:36,8/6/2019,11:36:48,732.4,1.98,0.338,hr 08062019 w3 soil.txt
8/6/2019 11:37,8/6/2019,11:37:13,744.3,2.07,0.358,hr 08062019 w3 soil.txt
8/6/2019 11:37,8/6/2019,11:37:38,769.1,1.98,0.336,hr 08062019 w3 soil.txt
8/6/2019 11:38,8/6/2019,11:38:03,780.2,2.03,0.349,hr 08062019 w3 soil.txt
8/6/2019 11:38,8/6/2019,11:38:28,787.6,2.03,0.333,hr 08062019 w3 soil.txt
8/6/2019 11:38,8/6/2019,11:38:54,804.6,2.08,0.358,hr 08062019 w3 soil.txt
8/6/2019 11:39,8/6/2019,11:39:19,813.7,2.06,0.342,hr 08062019 w3 soil.txt
8/6/2019 11:39,8/6/2019,11:39:44,820.3,2.08,0.33,hr 08062019 w3 soil.txt
8/6/2019 11:40,8/6/2019,11:40:09,830.4,2.04,0.326,hr 08062019 w3 soil.txt
8/6/2019 11:40,8/6/2019,11:40:34,841.6,2.01,0.343,hr 08062019 w3 soil.txt
8/6/2019 11:40,8/6/2019,11:40:59,844.2,1.99,0.352,hr 08062019 w3 soil.txt
8/6/2019 11:41,8/6/2019,11:41:24,712.8,2.11,0.348,hr 08062019 w3 soil.txt
8/6/2019 11:20,8/6/2019,11:20:18,805.7,2.11,0.355,hr 08062019 w3.txt
8/6/2019 11:20,8/6/2019,11:20:43,617.6,1.96,0.367,hr 08062019 w3.txt
8/6/2019 11:21,8/6/2019,11:21:08,548.2,1.96,0.351,hr 08062019 w3.txt
8/6/2019 11:21,8/6/2019,11:21:33,535.4,1.87,0.346,hr 08062019 w3.txt
8/6/2019 11:21,8/6/2019,11:21:58,533.9,1.96,0.347,hr 08062019 w3.txt
8/6/2019 11:22,8/6/2019,11:22:23,540.5,2.02,0.336,hr 08062019 w3.txt
8/6/2019 11:22,8/6/2019,11:22:48,556,1.98,0.315,hr 08062019 w3.txt
8/6/2019 11:23,8/6/2019,11:23:13,581.4,2.05,0.347,hr 08062019 w3.txt
8/6/2019 11:23,8/6/2019,11:23:38,600.8,1.92,0.36,hr 08062019 w3.txt
8/6/2019 11:24,8/6/2019,11:24:03,617.8,2.11,0.353,hr 08062019 w3.txt
8/6/2019 11:24,8/6/2019,11:24:28,635.3,1.97,0.344,hr 08062019 w3.txt
8/6/2019 11:24,8/6/2019,11:24:53,648.3,2.02,0.358,hr 08062019 w3.txt
8/6/2019 11:25,8/6/2019,11:25:18,654,2.01,0.346,hr 08062019 w3.txt
8/6/2019 11:53,8/6/2019,11:53:49,436.5,2.01,0.292,hr 08062019 w4 soil .txt
8/6/2019 11:54,8/6/2019,11:54:14,436.1,2,0.327,hr 08062019 w4 soil .txt
8/6/2019 11:54,8/6/2019,11:54:39,448.2,2.12,0.325,hr 08062019 w4 soil .txt
8/6/2019 11:55,8/6/2019,11:55:04,469.5,2.02,0.313,hr 08062019 w4 soil .txt
8/6/2019 11:55,8/6/2019,11:55:29,490.4,2.08,0.335,hr 08062019 w4 soil .txt
8/6/2019 11:42,8/6/2019,11:42:54,541.1,1.94,0.333,hr 08062019 w4.txt
8/6/2019 11:43,8/6/2019,11:43:19,573.3,1.96,0.361,hr 08062019 w4.txt
8/6/2019 11:43,8/6/2019,11:43:44,561.4,2.01,0.341,hr 08062019 w4.txt
8/6/2019 11:44,8/6/2019,11:44:09,514.9,2.02,0.317,hr 08062019 w4.txt
8/6/2019 11:44,8/6/2019,11:44:34,480.1,2.04,0.331,hr 08062019 w4.txt
8/6/2019 11:44,8/6/2019,11:44:59,461.8,2.03,0.33,hr 08062019 w4.txt
8/6/2019 11:45,8/6/2019,11:45:24,446.5,1.96,0.332,hr 08062019 w4.txt
8/6/2019 11:45,8/6/2019,11:45:49,438.6,2.15,0.352,hr 08062019 w4.txt
8/6/2019 11:46,8/6/2019,11:46:14,435.1,2.04,0.341,hr 08062019 w4.txt
8/6/2019 11:46,8/6/2019,11:46:39,439.1,2,0.353,hr 08062019 w4.txt
8/6/2019 11:47,8/6/2019,11:47:04,436.9,2.07,0.332,hr 08062019 w4.txt
8/6/2019 11:47,8/6/2019,11:47:29,434.8,2.03,0.312,hr 08062019 w4.txt
8/6/2019 11:47,8/6/2019,11:47:54,432.2,2.03,0.323,hr 08062019 w4.txt
8/6/2019 11:48,8/6/2019,11:48:19,428.5,2.14,0.324,hr 08062019 w4.txt
8/6/2019 11:48,8/6/2019,11:48:44,433.8,1.97,0.31,hr 08062019 w4.txt
8/6/2019 11:49,8/6/2019,11:49:09,438.6,2.14,0.323,hr 08062019 w4.txt
8/15/2019 11:33,8/15/2019,11:33:10,192.2,0.64,0.133,hr k1 08152019.txt
8/15/2019 11:33,8/15/2019,11:33:34,407.1,1.47,0.287,hr k1 08152019.txt
8/15/2019 11:33,8/15/2019,11:33:58,473.4,1.81,0.284,hr k1 08152019.txt
8/15/2019 11:34,8/15/2019,11:34:23,505.2,1.81,0.328,hr k1 08152019.txt
8/15/2019 11:34,8/15/2019,11:34:47,526.9,1.9,0.343,hr k1 08152019.txt
8/15/2019 11:35,8/15/2019,11:35:11,542.9,1.9,0.336,hr k1 08152019.txt
8/15/2019 11:35,8/15/2019,11:35:36,561.1,1.89,0.37,hr k1 08152019.txt
8/15/2019 11:36,8/15/2019,11:36:00,581,1.81,0.363,hr k1 08152019.txt
8/15/2019 11:36,8/15/2019,11:36:24,599.6,1.81,0.338,hr k1 08152019.txt
8/15/2019 11:36,8/15/2019,11:36:48,620.9,1.88,0.34,hr k1 08152019.txt
8/15/2019 11:37,8/15/2019,11:37:13,644.9,1.91,0.351,hr k1 08152019.txt
8/15/2019 11:37,8/15/2019,11:37:37,661.7,1.86,0.338,hr k1 08152019.txt
8/15/2019 11:38,8/15/2019,11:38:01,673.8,1.94,0.372,hr k1 08152019.txt
8/15/2019 11:38,8/15/2019,11:38:26,687.3,1.74,0.361,hr k1 08152019.txt
8/15/2019 11:38,8/15/2019,11:38:50,698.8,1.82,0.349,hr k1 08152019.txt
8/15/2019 11:39,8/15/2019,11:39:14,713.2,1.95,0.385,hr k1 08152019.txt
8/15/2019 11:39,8/15/2019,11:39:39,725.9,1.85,0.36,hr k1 08152019.txt
8/15/2019 11:40,8/15/2019,11:40:03,749.1,1.88,0.369,hr k1 08152019.txt
8/15/2019 12:00,8/15/2019,12:00:43,774.6,1.73,0.384,hr k1.2 08152019.txt
8/15/2019 12:01,8/15/2019,12:01:07,755,1.91,0.366,hr k1.2 08152019.txt
8/15/2019 12:01,8/15/2019,12:01:31,736.9,1.87,0.344,hr k1.2 08152019.txt
8/15/2019 12:01,8/15/2019,12:01:56,754.1,1.99,0.325,hr k1.2 08152019.txt
8/15/2019 12:02,8/15/2019,12:02:20,776.3,1.91,0.328,hr k1.2 08152019.txt
8/15/2019 12:02,8/15/2019,12:02:44,808.7,1.87,0.348,hr k1.2 08152019.txt
8/15/2019 12:03,8/15/2019,12:03:09,830.7,1.94,0.313,hr k1.2 08152019.txt
8/15/2019 12:03,8/15/2019,12:03:33,858.6,1.94,0.313,hr k1.2 08152019.txt
8/15/2019 12:03,8/15/2019,12:03:57,890.4,1.96,0.369,hr k1.2 08152019.txt
8/15/2019 12:04,8/15/2019,12:04:22,910.9,1.87,0.31,hr k1.2 08152019.txt
8/15/2019 12:04,8/15/2019,12:04:46,938.3,1.91,0.326,hr k1.2 08152019.txt
8/15/2019 12:05,8/15/2019,12:05:10,967.9,1.96,0.333,hr k1.2 08152019.txt
8/15/2019 12:05,8/15/2019,12:05:34,991.3,1.99,0.385,hr k1.2 08152019.txt
8/15/2019 12:05,8/15/2019,12:05:59,1014.3,2.05,0.378,hr k1.2 08152019.txt
8/15/2019 12:06,8/15/2019,12:06:23,1034.1,1.92,0.4,hr k1.2 08152019.txt
8/15/2019 12:06,8/15/2019,12:06:48,1052.9,1.96,0.326,hr k1.2 08152019.txt
8/15/2019 12:07,8/15/2019,12:07:12,1073.9,2.02,0.384,hr k1.2 08152019.txt
8/15/2019 12:07,8/15/2019,12:07:36,1090.2,1.96,0.398,hr k1.2 08152019.txt
8/15/2019 12:08,8/15/2019,12:08:01,1108,1.91,0.381,hr k1.2 08152019.txt
8/15/2019 12:08,8/15/2019,12:08:25,1121.7,1.96,0.407,hr k1.2 08152019.txt
8/15/2019 12:08,8/15/2019,12:08:50,1140.8,1.92,0.39,hr k1.2 08152019.txt
8/15/2019 12:09,8/15/2019,12:09:14,1158.3,1.86,0.403,hr k1.2 08152019.txt
8/15/2019 12:09,8/15/2019,12:09:38,1169.6,1.96,0.374,hr k1.2 08152019.txt
8/15/2019 12:10,8/15/2019,12:10:03,1188.9,1.94,0.405,hr k1.2 08152019.txt
8/15/2019 12:10,8/15/2019,12:10:27,1204.4,1.98,0.384,hr k1.2 08152019.txt
8/15/2019 12:13,8/15/2019,12:13:55,1171.4,1.86,0.4,hr k2 08152019.txt
8/15/2019 12:14,8/15/2019,12:14:20,850.2,1.8,0.336,hr k2 08152019.txt
8/15/2019 12:14,8/15/2019,12:14:44,657.7,2.03,0.393,hr k2 08152019.txt
8/15/2019 12:15,8/15/2019,12:15:09,575.8,1.86,0.379,hr k2 08152019.txt
8/15/2019 12:15,8/15/2019,12:15:33,550,1.73,0.389,hr k2 08152019.txt
8/15/2019 12:15,8/15/2019,12:15:57,545.5,1.84,0.379,hr k2 08152019.txt
8/15/2019 12:16,8/15/2019,12:16:21,549.7,1.88,0.373,hr k2 08152019.txt
8/15/2019 12:16,8/15/2019,12:16:45,561.3,1.78,0.35,hr k2 08152019.txt
8/15/2019 12:17,8/15/2019,12:17:10,570,1.8,0.363,hr k2 08152019.txt
8/15/2019 12:17,8/15/2019,12:17:34,589.1,1.9,0.388,hr k2 08152019.txt
8/15/2019 12:17,8/15/2019,12:17:58,607.8,1.77,0.38,hr k2 08152019.txt
8/15/2019 12:18,8/15/2019,12:18:23,627.1,1.82,0.394,hr k2 08152019.txt
8/15/2019 12:18,8/15/2019,12:18:47,642.9,1.83,0.382,hr k2 08152019.txt
8/15/2019 12:19,8/15/2019,12:19:11,661.8,1.96,0.376,hr k2 08152019.txt
8/15/2019 12:19,8/15/2019,12:19:36,680.1,1.81,0.386,hr k2 08152019.txt
8/15/2019 12:27,8/15/2019,12:27:08,696.6,1.79,0.378,hr k2.2 08152019.txt
8/15/2019 12:27,8/15/2019,12:27:32,700.2,1.95,0.427,hr k2.2 08152019.txt
8/15/2019 12:27,8/15/2019,12:27:56,715.3,1.86,0.381,hr k2.2 08152019.txt
8/15/2019 12:28,8/15/2019,12:28:21,743.2,1.87,0.399,hr k2.2 08152019.txt
8/15/2019 12:28,8/15/2019,12:28:45,777.9,1.94,0.345,hr k2.2 08152019.txt
8/15/2019 12:29,8/15/2019,12:29:10,814.7,1.84,0.37,hr k2.2 08152019.txt
8/15/2019 12:29,8/15/2019,12:29:34,847.1,1.88,0.355,hr k2.2 08152019.txt
8/15/2019 12:29,8/15/2019,12:29:58,879.6,1.78,0.396,hr k2.2 08152019.txt
8/15/2019 12:30,8/15/2019,12:30:23,906.2,1.85,0.38,hr k2.2 08152019.txt
8/15/2019 12:30,8/15/2019,12:30:47,929.4,1.95,0.389,hr k2.2 08152019.txt
8/15/2019 12:31,8/15/2019,12:31:12,957.6,1.94,0.415,hr k2.2 08152019.txt
8/15/2019 12:31,8/15/2019,12:31:36,981.2,1.9,0.393,hr k2.2 08152019.txt
8/15/2019 12:32,8/15/2019,12:32:00,1007.4,1.83,0.394,hr k2.2 08152019.txt
8/15/2019 12:32,8/15/2019,12:32:25,1035.1,1.87,0.378,hr k2.2 08152019.txt
8/15/2019 12:32,8/15/2019,12:32:49,1061.6,1.93,0.381,hr k2.2 08152019.txt
8/15/2019 12:33,8/15/2019,12:33:14,1088.8,1.87,0.395,hr k2.2 08152019.txt
8/15/2019 12:33,8/15/2019,12:33:38,1113.6,1.97,0.377,hr k2.2 08152019.txt
8/15/2019 12:34,8/15/2019,12:34:03,1133.1,1.79,0.38,hr k2.2 08152019.txt
8/15/2019 12:34,8/15/2019,12:34:27,1155.2,1.85,0.366,hr k2.2 08152019.txt
8/15/2019 12:34,8/15/2019,12:34:52,1171.6,1.9,0.376,hr k2.2 08152019.txt
8/15/2019 12:35,8/15/2019,12:35:16,1196.8,1.86,0.385,hr k2.2 08152019.txt
8/15/2019 12:35,8/15/2019,12:35:41,1214.2,1.94,0.373,hr k2.2 08152019.txt
8/15/2019 12:36,8/15/2019,12:36:06,1239.1,1.92,0.411,hr k2.2 08152019.txt
8/15/2019 12:36,8/15/2019,12:36:30,1262.9,1.9,0.409,hr k2.2 08152019.txt
8/15/2019 12:36,8/15/2019,12:36:54,1285.3,1.97,0.388,hr k2.2 08152019.txt
8/15/2019 12:40,8/15/2019,12:40:21,1240.2,2.02,0.397,hr k3 08152019.txt
8/15/2019 12:40,8/15/2019,12:40:45,890.8,1.89,0.385,hr k3 08152019.txt
8/15/2019 12:41,8/15/2019,12:41:10,694.7,1.82,0.36,hr k3 08152019.txt
8/15/2019 12:41,8/15/2019,12:41:34,622.9,1.9,0.355,hr k3 08152019.txt
8/15/2019 12:41,8/15/2019,12:41:58,604.3,1.91,0.354,hr k3 08152019.txt
8/15/2019 12:42,8/15/2019,12:42:23,606.7,1.93,0.344,hr k3 08152019.txt
8/15/2019 12:42,8/15/2019,12:42:47,618.5,1.77,0.367,hr k3 08152019.txt
8/15/2019 12:43,8/15/2019,12:43:12,631.9,1.82,0.35,hr k3 08152019.txt
8/15/2019 12:43,8/15/2019,12:43:36,652.3,2.1,0.345,hr k3 08152019.txt
8/15/2019 12:44,8/15/2019,12:44:01,669,1.87,0.364,hr k3 08152019.txt
8/15/2019 12:44,8/15/2019,12:44:25,686.5,1.87,0.354,hr k3 08152019.txt
8/15/2019 12:44,8/15/2019,12:44:50,704,1.87,0.375,hr k3 08152019.txt
8/15/2019 12:45,8/15/2019,12:45:14,719.4,1.94,0.375,hr k3 08152019.txt
8/15/2019 12:45,8/15/2019,12:45:39,736.7,1.88,0.363,hr k3 08152019.txt
8/15/2019 12:51,8/15/2019,12:51:33,755.2,2.03,0.323,hr k3.2 08152019.txt
8/15/2019 12:51,8/15/2019,12:51:58,726.2,1.94,0.36,hr k3.2 08152019.txt
8/15/2019 12:52,8/15/2019,12:52:22,736.8,1.99,0.356,hr k3.2 08152019.txt
8/15/2019 12:52,8/15/2019,12:52:47,776,2.16,0.285,hr k3.2 08152019.txt
8/15/2019 12:53,8/15/2019,12:53:11,813.7,1.96,0.306,hr k3.2 08152019.txt
8/15/2019 12:53,8/15/2019,12:53:36,859,2.02,0.354,hr k3.2 08152019.txt
8/15/2019 12:54,8/15/2019,12:54:00,895,1.97,0.359,hr k3.2 08152019.txt
8/15/2019 12:54,8/15/2019,12:54:24,924.5,1.92,0.362,hr k3.2 08152019.txt
8/15/2019 12:54,8/15/2019,12:54:49,956.5,1.89,0.352,hr k3.2 08152019.txt
8/15/2019 12:55,8/15/2019,12:55:14,984,1.95,0.356,hr k3.2 08152019.txt
8/15/2019 12:55,8/15/2019,12:55:38,1014.4,2.05,0.355,hr k3.2 08152019.txt
8/15/2019 12:56,8/15/2019,12:56:03,1037.5,2.04,0.367,hr k3.2 08152019.txt
8/15/2019 12:56,8/15/2019,12:56:27,1063.8,1.94,0.366,hr k3.2 08152019.txt
8/15/2019 12:56,8/15/2019,12:56:52,1075.8,1.95,0.364,hr k3.2 08152019.txt
8/15/2019 12:57,8/15/2019,12:57:17,1103.9,1.89,0.355,hr k3.2 08152019.txt
8/15/2019 12:57,8/15/2019,12:57:41,1128,2.01,0.37,hr k3.2 08152019.txt
8/15/2019 12:58,8/15/2019,12:58:06,1150.4,2.09,0.368,hr k3.2 08152019.txt
8/15/2019 12:58,8/15/2019,12:58:30,1170.9,2,0.359,hr k3.2 08152019.txt
8/15/2019 12:58,8/15/2019,12:58:55,1190.9,2.11,0.367,hr k3.2 08152019.txt
8/15/2019 12:59,8/15/2019,12:59:19,1217.7,2,0.359,hr k3.2 08152019.txt
8/15/2019 12:59,8/15/2019,12:59:44,1236.8,2.06,0.36,hr k3.2 08152019.txt
8/15/2019 13:00,8/15/2019,13:00:08,1254,2.05,0.369,hr k3.2 08152019.txt
8/15/2019 13:00,8/15/2019,13:00:33,1274.6,1.94,0.349,hr k3.2 08152019.txt
8/15/2019 13:00,8/15/2019,13:00:57,1291.5,2.02,0.395,hr k3.2 08152019.txt
8/15/2019 13:01,8/15/2019,13:01:22,1313.7,1.94,0.33,hr k3.2 08152019.txt
8/15/2019 13:08,8/15/2019,13:08:35,851.7,1.9,0.298,hr k4 08152019.txt
8/15/2019 13:08,8/15/2019,13:08:59,790.9,1.95,0.325,hr k4 08152019.txt
8/15/2019 13:09,8/15/2019,13:09:24,785.7,1.83,0.349,hr k4 08152019.txt
8/15/2019 13:09,8/15/2019,13:09:48,799.5,1.93,0.304,hr k4 08152019.txt
8/15/2019 13:10,8/15/2019,13:10:13,822.4,1.83,0.282,hr k4 08152019.txt
8/15/2019 13:10,8/15/2019,13:10:37,858,1.88,0.354,hr k4 08152019.txt
8/15/2019 13:11,8/15/2019,13:11:02,886.9,1.88,0.377,hr k4 08152019.txt
8/15/2019 13:11,8/15/2019,13:11:27,908.5,1.93,0.292,hr k4 08152019.txt
8/15/2019 13:11,8/15/2019,13:11:51,931.1,1.89,0.312,hr k4 08152019.txt
8/15/2019 13:12,8/15/2019,13:12:16,960.5,1.86,0.377,hr k4 08152019.txt
8/15/2019 13:12,8/15/2019,13:12:40,982.6,2.03,0.362,hr k4 08152019.txt
8/15/2019 13:13,8/15/2019,13:13:05,1007.2,1.89,0.364,hr k4 08152019.txt
8/15/2019 13:13,8/15/2019,13:13:30,1024,1.94,0.365,hr k4 08152019.txt
8/15/2019 13:13,8/15/2019,13:13:56,1044.8,2.03,0.355,hr k4 08152019.txt
8/15/2019 13:20,8/15/2019,13:20:35,1027.2,1.96,0.353,hr k4.2 08152019.txt
8/15/2019 13:20,8/15/2019,13:20:59,785.6,2.03,0.374,hr k4.2 08152019.txt
8/15/2019 13:21,8/15/2019,13:21:24,659.7,1.94,0.341,hr k4.2 08152019.txt
8/15/2019 13:21,8/15/2019,13:21:49,634.9,2.02,0.34,hr k4.2 08152019.txt
8/15/2019 13:22,8/15/2019,13:22:13,645.7,1.99,0.347,hr k4.2 08152019.txt
8/15/2019 13:22,8/15/2019,13:22:38,666.4,1.97,0.353,hr k4.2 08152019.txt
8/15/2019 13:23,8/15/2019,13:23:02,695.5,1.96,0.357,hr k4.2 08152019.txt
8/15/2019 13:23,8/15/2019,13:23:27,725.9,1.87,0.38,hr k4.2 08152019.txt
8/15/2019 13:23,8/15/2019,13:23:51,747.2,1.85,0.376,hr k4.2 08152019.txt
8/15/2019 13:24,8/15/2019,13:24:16,771.7,1.93,0.309,hr k4.2 08152019.txt
8/15/2019 13:24,8/15/2019,13:24:40,794.9,1.85,0.304,hr k4.2 08152019.txt
8/15/2019 13:25,8/15/2019,13:25:05,816.3,1.96,0.317,hr k4.2 08152019.txt
8/15/2019 13:25,8/15/2019,13:25:30,837.4,1.87,0.285,hr k4.2 08152019.txt
8/15/2019 13:25,8/15/2019,13:25:54,853.9,1.88,0.296,hr k4.2 08152019.txt
8/15/2019 13:26,8/15/2019,13:26:19,877.5,1.88,0.309,hr k4.2 08152019.txt
8/15/2019 13:26,8/15/2019,13:26:43,897.7,1.88,0.292,hr k4.2 08152019.txt
8/15/2019 13:27,8/15/2019,13:27:08,912.9,1.97,0.296,hr k4.2 08152019.txt
8/15/2019 13:27,8/15/2019,13:27:32,932.2,1.9,0.277,hr k4.2 08152019.txt
8/15/2019 13:27,8/15/2019,13:27:57,950.1,1.99,0.302,hr k4.2 08152019.txt
8/15/2019 13:28,8/15/2019,13:28:21,970.9,2.05,0.299,hr k4.2 08152019.txt
8/15/2019 13:28,8/15/2019,13:28:46,998.6,1.92,0.364,hr k4.2 08152019.txt
8/15/2019 13:29,8/15/2019,13:29:10,1005.4,1.93,0.274,hr k4.2 08152019.txt
8/15/2019 13:29,8/15/2019,13:29:35,1023.6,1.92,0.285,hr k4.2 08152019.txt
8/15/2019 13:29,8/15/2019,13:29:59,1039.9,1.88,0.373,hr k4.2 08152019.txt
8/15/2019 13:30,8/15/2019,13:30:24,1054,1.84,0.38,hr k4.2 08152019.txt
8/15/2019 13:30,8/15/2019,13:30:49,1072.1,1.79,0.345,hr k4.2 08152019.txt
8/15/2019 13:31,8/15/2019,13:31:13,1086.8,1.93,0.304,hr k4.2 08152019.txt
8/9/2019 10:11,8/9/2019,10:11:19,209.1,0.55,0.089,hr s nr1 08092019.txt
8/9/2019 10:11,8/9/2019,10:11:43,485.7,1.39,0.262,hr s nr1 08092019.txt
8/9/2019 10:12,8/9/2019,10:12:07,542.5,1.69,0.262,hr s nr1 08092019.txt
8/9/2019 10:12,8/9/2019,10:12:31,560.1,1.86,0.345,hr s nr1 08092019.txt
8/9/2019 10:12,8/9/2019,10:12:55,562.8,1.89,0.369,hr s nr1 08092019.txt
8/9/2019 10:13,8/9/2019,10:13:19,562,1.88,0.336,hr s nr1 08092019.txt
8/9/2019 10:13,8/9/2019,10:13:43,562,1.9,0.369,hr s nr1 08092019.txt
8/9/2019 10:14,8/9/2019,10:14:07,573.1,1.84,0.365,hr s nr1 08092019.txt
8/9/2019 10:14,8/9/2019,10:14:31,576.3,1.89,0.338,hr s nr1 08092019.txt
8/9/2019 10:14,8/9/2019,10:14:55,581.7,1.79,0.342,hr s nr1 08092019.txt
8/9/2019 10:15,8/9/2019,10:15:19,590.4,1.74,0.366,hr s nr1 08092019.txt
8/9/2019 10:15,8/9/2019,10:15:43,595.2,1.9,0.358,hr s nr1 08092019.txt
8/9/2019 10:16,8/9/2019,10:16:07,606,1.85,0.366,hr s nr1 08092019.txt
8/9/2019 10:16,8/9/2019,10:16:31,612.1,1.8,0.367,hr s nr1 08092019.txt
8/9/2019 10:16,8/9/2019,10:16:56,621.4,1.95,0.363,hr s nr1 08092019.txt
8/9/2019 10:17,8/9/2019,10:17:20,628.2,1.85,0.369,hr s nr1 08092019.txt
8/9/2019 10:17,8/9/2019,10:17:44,637.5,1.9,0.346,hr s nr1 08092019.txt
8/9/2019 10:18,8/9/2019,10:18:08,643.4,1.78,0.338,hr s nr1 08092019.txt
8/9/2019 10:21,8/9/2019,10:21:04,657.4,1.82,0.365,hr s nr2 08092019.txt
8/9/2019 10:21,8/9/2019,10:21:28,626.2,2.01,0.367,hr s nr2 08092019.txt
8/9/2019 10:21,8/9/2019,10:21:52,581,1.91,0.356,hr s nr2 08092019.txt
8/9/2019 10:22,8/9/2019,10:22:17,555.7,1.92,0.325,hr s nr2 08092019.txt
8/9/2019 10:22,8/9/2019,10:22:41,537.5,1.94,0.335,hr s nr2 08092019.txt
8/9/2019 10:23,8/9/2019,10:23:05,533.6,1.98,0.353,hr s nr2 08092019.txt
8/9/2019 10:23,8/9/2019,10:23:29,528.6,1.97,0.362,hr s nr2 08092019.txt
8/9/2019 10:23,8/9/2019,10:23:53,537.2,1.92,0.368,hr s nr2 08092019.txt
8/9/2019 10:24,8/9/2019,10:24:17,541.7,1.78,0.371,hr s nr2 08092019.txt
8/9/2019 10:24,8/9/2019,10:24:41,549.4,1.93,0.373,hr s nr2 08092019.txt
8/9/2019 10:25,8/9/2019,10:25:05,555,1.92,0.344,hr s nr2 08092019.txt
8/9/2019 10:25,8/9/2019,10:25:29,562.5,1.88,0.354,hr s nr2 08092019.txt
8/9/2019 10:25,8/9/2019,10:25:53,570.9,1.89,0.329,hr s nr2 08092019.txt
8/9/2019 10:26,8/9/2019,10:26:17,575.5,1.83,0.338,hr s nr2 08092019.txt
8/9/2019 10:26,8/9/2019,10:26:41,585.3,1.88,0.353,hr s nr2 08092019.txt
8/9/2019 10:27,8/9/2019,10:27:05,592,1.87,0.354,hr s nr2 08092019.txt
8/9/2019 10:29,8/9/2019,10:29:16,604.7,1.95,0.384,hr s nr3 08092019.txt
8/9/2019 10:29,8/9/2019,10:29:40,582.1,2.01,0.382,hr s nr3 08092019.txt
8/9/2019 10:30,8/9/2019,10:30:04,560.1,2.01,0.373,hr s nr3 08092019.txt
8/9/2019 10:30,8/9/2019,10:30:28,549.9,1.99,0.363,hr s nr3 08092019.txt
8/9/2019 10:30,8/9/2019,10:30:52,549,2,0.357,hr s nr3 08092019.txt
8/9/2019 10:31,8/9/2019,10:31:16,555.7,1.98,0.351,hr s nr3 08092019.txt
8/9/2019 10:31,8/9/2019,10:31:40,568.5,1.93,0.352,hr s nr3 08092019.txt
8/9/2019 10:32,8/9/2019,10:32:04,584.3,1.99,0.372,hr s nr3 08092019.txt
8/9/2019 10:32,8/9/2019,10:32:28,601.8,1.93,0.369,hr s nr3 08092019.txt
8/9/2019 10:32,8/9/2019,10:32:52,612.7,1.97,0.373,hr s nr3 08092019.txt
8/9/2019 10:33,8/9/2019,10:33:16,628.4,1.91,0.383,hr s nr3 08092019.txt
8/9/2019 10:33,8/9/2019,10:33:40,646.4,1.94,0.349,hr s nr3 08092019.txt
8/9/2019 10:34,8/9/2019,10:34:04,663.1,1.89,0.366,hr s nr3 08092019.txt
8/9/2019 10:34,8/9/2019,10:34:28,679.4,1.82,0.382,hr s nr3 08092019.txt
8/9/2019 10:36,8/9/2019,10:36:52,689.6,1.95,0.347,hr s nr4 08092019.txt
8/9/2019 10:37,8/9/2019,10:37:16,648.7,2,0.382,hr s nr4 08092019.txt
8/9/2019 10:37,8/9/2019,10:37:40,605.5,2.02,0.346,hr s nr4 08092019.txt
8/9/2019 10:38,8/9/2019,10:38:04,574.7,1.99,0.37,hr s nr4 08092019.txt
8/9/2019 10:38,8/9/2019,10:38:28,559.1,2.02,0.33,hr s nr4 08092019.txt
8/9/2019 10:38,8/9/2019,10:38:52,552.3,1.94,0.344,hr s nr4 08092019.txt
8/9/2019 10:39,8/9/2019,10:39:16,555.1,1.97,0.347,hr s nr4 08092019.txt
8/9/2019 10:39,8/9/2019,10:39:40,556.4,1.87,0.352,hr s nr4 08092019.txt
8/9/2019 10:40,8/9/2019,10:40:04,566.5,2.02,0.324,hr s nr4 08092019.txt
8/9/2019 10:40,8/9/2019,10:40:28,575.1,2,0.344,hr s nr4 08092019.txt
8/9/2019 10:40,8/9/2019,10:40:52,583.7,1.98,0.347,hr s nr4 08092019.txt
8/9/2019 10:41,8/9/2019,10:41:16,590.3,1.93,0.34,hr s nr4 08092019.txt
8/9/2019 10:41,8/9/2019,10:41:40,601.5,1.99,0.319,hr s nr4 08092019.txt
8/9/2019 10:42,8/9/2019,10:42:05,609,2.03,0.366,hr s nr4 08092019.txt
8/9/2019 10:42,8/9/2019,10:42:29,616.1,1.99,0.354,hr s nr4 08092019.txt
8/9/2019 10:42,8/9/2019,10:42:53,619.6,1.94,0.347,hr s nr4 08092019.txt
8/9/2019 10:51,8/9/2019,10:51:14,625.9,1.95,0.38,hr s r1 08092019.txt
8/9/2019 10:51,8/9/2019,10:51:38,605.8,1.99,0.356,hr s r1 08092019.txt
8/9/2019 10:52,8/9/2019,10:52:02,593.6,1.94,0.35,hr s r1 08092019.txt
8/9/2019 10:52,8/9/2019,10:52:27,596.6,1.92,0.385,hr s r1 08092019.txt
8/9/2019 10:52,8/9/2019,10:52:51,611,1.97,0.377,hr s r1 08092019.txt
8/9/2019 10:53,8/9/2019,10:53:15,633.6,1.91,0.363,hr s r1 08092019.txt
8/9/2019 10:53,8/9/2019,10:53:39,653.5,1.89,0.349,hr s r1 08092019.txt
8/9/2019 10:54,8/9/2019,10:54:03,681.7,1.96,0.38,hr s r1 08092019.txt
8/9/2019 10:54,8/9/2019,10:54:27,706,1.97,0.351,hr s r1 08092019.txt
8/9/2019 10:54,8/9/2019,10:54:51,735.8,1.88,0.379,hr s r1 08092019.txt
8/9/2019 10:55,8/9/2019,10:55:15,770.9,2.02,0.338,hr s r1 08092019.txt
8/9/2019 10:55,8/9/2019,10:55:39,800.4,1.98,0.34,hr s r1 08092019.txt
8/9/2019 10:56,8/9/2019,10:56:03,831,1.88,0.393,hr s r1 08092019.txt
8/9/2019 11:02,8/9/2019,11:02:41,846.9,1.76,0.309,hr s r1.2 08092019.txt
8/9/2019 11:03,8/9/2019,11:03:05,803.8,1.99,0.372,hr s r1.2 08092019.txt
8/9/2019 11:03,8/9/2019,11:03:29,765.1,1.89,0.373,hr s r1.2 08092019.txt
8/9/2019 11:03,8/9/2019,11:03:53,761.6,1.93,0.357,hr s r1.2 08092019.txt
8/9/2019 11:04,8/9/2019,11:04:17,777.9,1.76,0.367,hr s r1.2 08092019.txt
8/9/2019 11:04,8/9/2019,11:04:41,806.9,1.96,0.351,hr s r1.2 08092019.txt
8/9/2019 11:05,8/9/2019,11:05:05,843.3,1.93,0.338,hr s r1.2 08092019.txt
8/9/2019 11:05,8/9/2019,11:05:29,881.6,1.99,0.372,hr s r1.2 08092019.txt
8/9/2019 11:05,8/9/2019,11:05:53,914.6,1.95,0.353,hr s r1.2 08092019.txt
8/9/2019 11:06,8/9/2019,11:06:18,945.9,1.97,0.369,hr s r1.2 08092019.txt
8/9/2019 11:06,8/9/2019,11:06:42,975,1.93,0.37,hr s r1.2 08092019.txt
8/9/2019 11:07,8/9/2019,11:07:06,1004.1,1.92,0.362,hr s r1.2 08092019.txt
8/9/2019 11:07,8/9/2019,11:07:30,1032.1,1.95,0.342,hr s r1.2 08092019.txt
8/9/2019 11:07,8/9/2019,11:07:54,1055.9,1.93,0.365,hr s r1.2 08092019.txt
8/9/2019 11:08,8/9/2019,11:08:18,1079.5,1.99,0.35,hr s r1.2 08092019.txt
8/9/2019 11:08,8/9/2019,11:08:42,1104.9,1.96,0.364,hr s r1.2 08092019.txt
8/9/2019 11:09,8/9/2019,11:09:06,1124.6,1.97,0.371,hr s r1.2 08092019.txt
8/9/2019 11:09,8/9/2019,11:09:30,1144,1.85,0.354,hr s r1.2 08092019.txt
8/9/2019 11:09,8/9/2019,11:09:54,1165.6,2,0.369,hr s r1.2 08092019.txt
8/9/2019 11:10,8/9/2019,11:10:18,1182.9,1.93,0.38,hr s r1.2 08092019.txt
8/9/2019 11:10,8/9/2019,11:10:43,1199.2,2,0.375,hr s r1.2 08092019.txt
8/9/2019 11:11,8/9/2019,11:11:07,1219.8,1.99,0.373,hr s r1.2 08092019.txt
8/9/2019 11:11,8/9/2019,11:11:31,1236.2,1.92,0.361,hr s r1.2 08092019.txt
8/9/2019 11:14,8/9/2019,11:14:10,1215.1,1.93,0.339,hr s r2 08092019.txt
8/9/2019 11:14,8/9/2019,11:14:34,1003.7,1.93,0.35,hr s r2 08092019.txt
8/9/2019 11:14,8/9/2019,11:14:58,847.1,2.01,0.352,hr s r2 08092019.txt
8/9/2019 11:15,8/9/2019,11:15:22,758.2,1.97,0.342,hr s r2 08092019.txt
8/9/2019 11:15,8/9/2019,11:15:46,714,1.92,0.342,hr s r2 08092019.txt
8/9/2019 11:16,8/9/2019,11:16:11,712.3,1.97,0.362,hr s r2 08092019.txt
8/9/2019 11:16,8/9/2019,11:16:35,725.8,1.89,0.356,hr s r2 08092019.txt
8/9/2019 11:16,8/9/2019,11:16:59,755,2.11,0.289,hr s r2 08092019.txt
8/9/2019 11:17,8/9/2019,11:17:23,786.9,2.02,0.269,hr s r2 08092019.txt
8/9/2019 11:17,8/9/2019,11:17:47,821.2,1.96,0.29,hr s r2 08092019.txt
8/9/2019 11:18,8/9/2019,11:18:11,854.2,1.96,0.307,hr s r2 08092019.txt
8/9/2019 11:18,8/9/2019,11:18:35,891.4,2.02,0.295,hr s r2 08092019.txt
8/9/2019 11:18,8/9/2019,11:18:59,929.1,1.88,0.336,hr s r2 08092019.txt
8/9/2019 11:24,8/9/2019,11:24:17,935.3,1.89,0.29,hr s r2.2 08092019.txt
8/9/2019 11:24,8/9/2019,11:24:41,856.2,1.94,0.303,hr s r2.2 08092019.txt
8/9/2019 11:25,8/9/2019,11:25:05,810.7,1.96,0.353,hr s r2.2 08092019.txt
8/9/2019 11:25,8/9/2019,11:25:29,801.4,1.99,0.331,hr s r2.2 08092019.txt
8/9/2019 11:25,8/9/2019,11:25:53,817.2,2.04,0.376,hr s r2.2 08092019.txt
8/9/2019 11:26,8/9/2019,11:26:17,838.1,1.94,0.333,hr s r2.2 08092019.txt
8/9/2019 11:26,8/9/2019,11:26:41,868.6,1.97,0.344,hr s r2.2 08092019.txt
8/9/2019 11:27,8/9/2019,11:27:05,906.8,1.83,0.368,hr s r2.2 08092019.txt
8/9/2019 11:27,8/9/2019,11:27:29,941.2,1.95,0.357,hr s r2.2 08092019.txt
8/9/2019 11:27,8/9/2019,11:27:53,967.8,2.05,0.36,hr s r2.2 08092019.txt
8/9/2019 11:28,8/9/2019,11:28:17,999.3,1.96,0.367,hr s r2.2 08092019.txt
8/9/2019 11:28,8/9/2019,11:28:41,1027.6,1.99,0.354,hr s r2.2 08092019.txt
8/9/2019 11:29,8/9/2019,11:29:05,1055.5,1.94,0.344,hr s r2.2 08092019.txt
8/9/2019 11:29,8/9/2019,11:29:30,1081.2,2.09,0.338,hr s r2.2 08092019.txt
8/9/2019 11:29,8/9/2019,11:29:54,1108.3,1.95,0.376,hr s r2.2 08092019.txt
8/9/2019 11:30,8/9/2019,11:30:18,1133.6,1.96,0.37,hr s r2.2 08092019.txt
8/9/2019 11:30,8/9/2019,11:30:42,1155.9,1.95,0.36,hr s r2.2 08092019.txt
8/9/2019 11:31,8/9/2019,11:31:06,1176.5,1.93,0.367,hr s r2.2 08092019.txt
8/9/2019 11:31,8/9/2019,11:31:30,1196.4,1.98,0.354,hr s r2.2 08092019.txt
8/9/2019 11:31,8/9/2019,11:31:54,1217.8,1.9,0.354,hr s r2.2 08092019.txt
8/9/2019 11:32,8/9/2019,11:32:18,1235.5,2.05,0.386,hr s r2.2 08092019.txt
8/9/2019 11:32,8/9/2019,11:32:42,1251.1,1.98,0.373,hr s r2.2 08092019.txt
8/9/2019 11:33,8/9/2019,11:33:06,1264.4,2.01,0.354,hr s r2.2 08092019.txt
8/9/2019 11:33,8/9/2019,11:33:30,1288.2,2.02,0.362,hr s r2.2 08092019.txt
8/9/2019 11:36,8/9/2019,11:36:16,1263.9,1.96,0.393,hr s r3 08092019.txt
8/9/2019 11:36,8/9/2019,11:36:40,1039.2,2.02,0.369,hr s r3 08092019.txt
8/9/2019 11:37,8/9/2019,11:37:04,888.9,1.96,0.375,hr s r3 08092019.txt
8/9/2019 11:37,8/9/2019,11:37:28,813.5,1.96,0.315,hr s r3 08092019.txt
8/9/2019 11:37,8/9/2019,11:37:52,796.2,2.06,0.319,hr s r3 08092019.txt
8/9/2019 11:38,8/9/2019,11:38:16,810.6,2.02,0.294,hr s r3 08092019.txt
8/9/2019 11:38,8/9/2019,11:38:40,838.9,1.92,0.303,hr s r3 08092019.txt
8/9/2019 11:39,8/9/2019,11:39:04,875.5,1.96,0.289,hr s r3 08092019.txt
8/9/2019 11:39,8/9/2019,11:39:29,916.4,1.94,0.312,hr s r3 08092019.txt
8/9/2019 11:39,8/9/2019,11:39:53,960.9,1.92,0.313,hr s r3 08092019.txt
8/9/2019 11:40,8/9/2019,11:40:17,1002.1,1.95,0.313,hr s r3 08092019.txt
8/9/2019 11:40,8/9/2019,11:40:41,1042.7,1.89,0.326,hr s r3 08092019.txt
8/9/2019 11:45,8/9/2019,11:45:57,1044.6,1.91,0.385,hr s r3.2 08092019.txt
8/9/2019 11:46,8/9/2019,11:46:21,937.3,1.94,0.38,hr s r3.2 08092019.txt
8/9/2019 11:46,8/9/2019,11:46:45,875.7,1.91,0.324,hr s r3.2 08092019.txt
8/9/2019 11:47,8/9/2019,11:47:09,879.8,2.02,0.32,hr s r3.2 08092019.txt
8/9/2019 11:47,8/9/2019,11:47:33,925.8,2.03,0.363,hr s r3.2 08092019.txt
8/9/2019 11:47,8/9/2019,11:47:57,963.3,2.06,0.349,hr s r3.2 08092019.txt
8/9/2019 11:48,8/9/2019,11:48:22,993.8,1.97,0.373,hr s r3.2 08092019.txt
8/9/2019 11:48,8/9/2019,11:48:46,1034.6,1.98,0.387,hr s r3.2 08092019.txt
8/9/2019 11:49,8/9/2019,11:49:10,1056.3,1.91,0.319,hr s r3.2 08092019.txt
8/9/2019 11:49,8/9/2019,11:49:34,1078.6,2.08,0.31,hr s r3.2 08092019.txt
8/9/2019 11:49,8/9/2019,11:49:58,1099.1,1.98,0.379,hr s r3.2 08092019.txt
8/9/2019 11:50,8/9/2019,11:50:22,1109.4,1.92,0.358,hr s r3.2 08092019.txt
8/9/2019 11:50,8/9/2019,11:50:47,1129.8,1.89,0.342,hr s r3.2 08092019.txt
8/9/2019 11:51,8/9/2019,11:51:11,1145.5,1.95,0.374,hr s r3.2 08092019.txt
8/9/2019 11:51,8/9/2019,11:51:35,1164.1,1.95,0.405,hr s r3.2 08092019.txt
8/9/2019 11:51,8/9/2019,11:51:59,1173.3,1.85,0.328,hr s r3.2 08092019.txt
8/9/2019 11:52,8/9/2019,11:52:23,1190.5,1.87,0.373,hr s r3.2 08092019.txt
8/9/2019 11:52,8/9/2019,11:52:47,1205.9,2.05,0.322,hr s r3.2 08092019.txt
8/9/2019 11:53,8/9/2019,11:53:11,1221.5,2.03,0.378,hr s r3.2 08092019.txt
8/9/2019 11:53,8/9/2019,11:53:35,1236.3,2.02,0.331,hr s r3.2 08092019.txt
8/9/2019 11:53,8/9/2019,11:53:59,1248.3,2.02,0.372,hr s r3.2 08092019.txt
8/9/2019 11:54,8/9/2019,11:54:23,1262.4,2.03,0.31,hr s r3.2 08092019.txt
8/9/2019 11:54,8/9/2019,11:54:47,1271.6,1.98,0.379,hr s r3.2 08092019.txt
8/9/2019 11:55,8/9/2019,11:55:11,1287,2.01,0.384,hr s r3.2 08092019.txt
8/9/2019 11:55,8/9/2019,11:55:36,1302.3,1.96,0.335,hr s r3.2 08092019.txt
8/9/2019 11:58,8/9/2019,11:58:33,1262.9,1.87,0.392,hr s r4 08092019.txt
8/9/2019 11:58,8/9/2019,11:58:58,1008.1,2.04,0.366,hr s r4 08092019.txt
8/9/2019 11:59,8/9/2019,11:59:22,837.8,1.91,0.306,hr s r4 08092019.txt
8/9/2019 11:59,8/9/2019,11:59:46,757.6,1.93,0.305,hr s r4 08092019.txt
8/9/2019 12:00,8/9/2019,12:00:10,724.7,1.92,0.384,hr s r4 08092019.txt
8/9/2019 12:00,8/9/2019,12:00:34,723.8,2.05,0.398,hr s r4 08092019.txt
8/9/2019 12:00,8/9/2019,12:00:58,742.4,1.99,0.395,hr s r4 08092019.txt
8/9/2019 12:01,8/9/2019,12:01:22,777.8,1.83,0.364,hr s r4 08092019.txt
8/9/2019 12:01,8/9/2019,12:01:46,800.5,1.98,0.323,hr s r4 08092019.txt
8/9/2019 12:02,8/9/2019,12:02:10,832.2,1.78,0.321,hr s r4 08092019.txt
8/9/2019 12:02,8/9/2019,12:02:34,863.6,1.89,0.325,hr s r4 08092019.txt
8/9/2019 12:02,8/9/2019,12:02:58,897.7,2,0.306,hr s r4 08092019.txt
8/9/2019 12:03,8/9/2019,12:03:23,931.2,1.94,0.329,hr s r4 08092019.txt
8/9/2019 12:03,8/9/2019,12:03:47,962.3,1.86,0.316,hr s r4 08092019.txt
8/9/2019 12:11,8/9/2019,12:11:34,1001.7,1.9,0.379,hr s r4.2 08092019.txt
8/9/2019 12:11,8/9/2019,12:11:58,1034.5,1.87,0.389,hr s r4.2 08092019.txt
8/9/2019 12:12,8/9/2019,12:12:22,1062,1.83,0.387,hr s r4.2 08092019.txt
8/9/2019 12:12,8/9/2019,12:12:46,1100.5,1.97,0.328,hr s r4.2 08092019.txt
8/9/2019 12:13,8/9/2019,12:13:10,1132.1,2.06,0.315,hr s r4.2 08092019.txt
8/9/2019 12:13,8/9/2019,12:13:34,1153,1.94,0.292,hr s r4.2 08092019.txt
8/9/2019 12:13,8/9/2019,12:13:58,1179.1,1.91,0.37,hr s r4.2 08092019.txt
8/9/2019 12:14,8/9/2019,12:14:22,1196.6,1.9,0.37,hr s r4.2 08092019.txt
8/9/2019 12:14,8/9/2019,12:14:46,1217.5,1.95,0.371,hr s r4.2 08092019.txt
8/9/2019 12:15,8/9/2019,12:15:11,1231.7,1.88,0.393,hr s r4.2 08092019.txt
8/9/2019 12:15,8/9/2019,12:15:35,1248.4,1.98,0.38,hr s r4.2 08092019.txt
8/9/2019 12:15,8/9/2019,12:15:59,1261.6,1.97,0.299,hr s r4.2 08092019.txt
8/9/2019 12:16,8/9/2019,12:16:23,1274.6,2,0.364,hr s r4.2 08092019.txt
8/9/2019 12:16,8/9/2019,12:16:47,1288.7,1.94,0.359,hr s r4.2 08092019.txt
8/9/2019 12:17,8/9/2019,12:17:11,1307,1.93,0.341,hr s r4.2 08092019.txt
8/9/2019 12:17,8/9/2019,12:17:35,1312.2,1.84,0.349,hr s r4.2 08092019.txt
8/9/2019 12:17,8/9/2019,12:17:59,1332.4,1.98,0.371,hr s r4.2 08092019.txt
8/9/2019 12:18,8/9/2019,12:18:23,1333.9,1.96,0.383,hr s r4.2 08092019.txt
8/9/2019 12:18,8/9/2019,12:18:47,1334.1,1.83,0.327,hr s r4.2 08092019.txt
8/9/2019 12:19,8/9/2019,12:19:11,1350.2,1.93,0.343,hr s r4.2 08092019.txt
8/9/2019 12:19,8/9/2019,12:19:36,1356.9,2.03,0.341,hr s r4.2 08092019.txt
8/9/2019 12:20,8/9/2019,12:20:00,1364.1,1.99,0.356,hr s r4.2 08092019.txt
8/9/2019 12:20,8/9/2019,12:20:24,1377.1,2.02,0.351,hr s r4.2 08092019.txt
8/9/2019 12:20,8/9/2019,12:20:48,1384.9,1.89,0.351,hr s r4.2 08092019.txt
8/9/2019 12:21,8/9/2019,12:21:12,1386,1.87,0.353,hr s r4.2 08092019.txt
8/9/2019 12:21,8/9/2019,12:21:36,1396.7,2,0.35,hr s r4.2 08092019.txt
8/9/2019 12:22,8/9/2019,12:22:00,1406.1,1.91,0.341,hr s r4.2 08092019.txt
